<?xml version="1.0" encoding="UTF-8"?>
<metadata xml:lang="fr"><Esri><CreaDate>20220112</CreaDate><CreaTime>14310900</CreaTime><ArcGISFormat>1.0</ArcGISFormat><SyncOnce>TRUE</SyncOnce><DataProperties><lineage><Process Name="Add Field" ToolSource="c:\program files (x86)\arcgis\desktop10.6\ArcToolbox\Toolboxes\Data Management Tools.tbx\AddField" Date="20220112" Time="143109">AddField F:\820150_pedo\pedo\Pedo_intermediaire_GM\Pedo_21L06101.shp APP_CART_1 TEXT # # 50 # NULLABLE NON_REQUIRED #</Process><Process Name="Calculate Field" ToolSource="c:\program files (x86)\arcgis\desktop10.6\ArcToolbox\Toolboxes\Data Management Tools.tbx\CalculateField" Date="20220112" Time="143109">CalculateField F:\820150_pedo\pedo\Pedo_intermediaire_GM\Pedo_21L06101.shp APP_CART_1 [APP_CART] VB #</Process><Process Name="Add Field (2)" ToolSource="c:\program files (x86)\arcgis\desktop10.6\ArcToolbox\Toolboxes\Data Management Tools.tbx\AddField" Date="20220112" Time="143109">AddField F:\820150_pedo\pedo\Pedo_intermediaire_GM\Pedo_21L06101.shp SOL1_1 TEXT # # 10 # NULLABLE NON_REQUIRED #</Process><Process Name="Calculate Field (2)" ToolSource="c:\program files (x86)\arcgis\desktop10.6\ArcToolbox\Toolboxes\Data Management Tools.tbx\CalculateField" Date="20220112" Time="143110">CalculateField F:\820150_pedo\pedo\Pedo_intermediaire_GM\Pedo_21L06101.shp SOL1_1 [SOL1] VB #</Process><Process Name="Add Field (3)" ToolSource="c:\program files (x86)\arcgis\desktop10.6\ArcToolbox\Toolboxes\Data Management Tools.tbx\AddField" Date="20220112" Time="143110">AddField F:\820150_pedo\pedo\Pedo_intermediaire_GM\Pedo_21L06101.shp PCT_SOL1_1 TEXT # # 3 # NULLABLE NON_REQUIRED #</Process><Process Name="Calculate Field (3)" ToolSource="c:\program files (x86)\arcgis\desktop10.6\ArcToolbox\Toolboxes\Data Management Tools.tbx\CalculateField" Date="20220112" Time="143110">CalculateField F:\820150_pedo\pedo\Pedo_intermediaire_GM\Pedo_21L06101.shp PCT_SOL1_1 [PCT_SOL1] VB #</Process><Process Name="Add Field (4)" ToolSource="c:\program files (x86)\arcgis\desktop10.6\ArcToolbox\Toolboxes\Data Management Tools.tbx\AddField" Date="20220112" Time="143110">AddField F:\820150_pedo\pedo\Pedo_intermediaire_GM\Pedo_21L06101.shp SOL2_1 TEXT # # 10 # NULLABLE NON_REQUIRED #</Process><Process Name="Calculate Field (4)" ToolSource="c:\program files (x86)\arcgis\desktop10.6\ArcToolbox\Toolboxes\Data Management Tools.tbx\CalculateField" Date="20220112" Time="143110">CalculateField F:\820150_pedo\pedo\Pedo_intermediaire_GM\Pedo_21L06101.shp SOL2_1 [SOL2] VB #</Process><Process Name="Add Field (5)" ToolSource="c:\program files (x86)\arcgis\desktop10.6\ArcToolbox\Toolboxes\Data Management Tools.tbx\AddField" Date="20220112" Time="143110">AddField F:\820150_pedo\pedo\Pedo_intermediaire_GM\Pedo_21L06101.shp PCT_SOL2_1 TEXT # # 3 # NULLABLE NON_REQUIRED #</Process><Process Name="Calculate Field (5)" ToolSource="c:\program files (x86)\arcgis\desktop10.6\ArcToolbox\Toolboxes\Data Management Tools.tbx\CalculateField" Date="20220112" Time="143111">CalculateField F:\820150_pedo\pedo\Pedo_intermediaire_GM\Pedo_21L06101.shp PCT_SOL2_1 [PCT_SOL2] VB #</Process><Process Name="Add Field (6)" ToolSource="c:\program files (x86)\arcgis\desktop10.6\ArcToolbox\Toolboxes\Data Management Tools.tbx\AddField" Date="20220112" Time="143111">AddField F:\820150_pedo\pedo\Pedo_intermediaire_GM\Pedo_21L06101.shp SOL3_1 TEXT # # 10 # NULLABLE NON_REQUIRED #</Process><Process Name="Calculate Field (6)" ToolSource="c:\program files (x86)\arcgis\desktop10.6\ArcToolbox\Toolboxes\Data Management Tools.tbx\CalculateField" Date="20220112" Time="143111">CalculateField F:\820150_pedo\pedo\Pedo_intermediaire_GM\Pedo_21L06101.shp SOL3_1 [SOL3] VB #</Process><Process Name="Add Field (7)" ToolSource="c:\program files (x86)\arcgis\desktop10.6\ArcToolbox\Toolboxes\Data Management Tools.tbx\AddField" Date="20220112" Time="143111">AddField F:\820150_pedo\pedo\Pedo_intermediaire_GM\Pedo_21L06101.shp PCT_SOL3_1 TEXT # # 3 # NULLABLE NON_REQUIRED #</Process><Process Name="Calculate Field (7)" ToolSource="c:\program files (x86)\arcgis\desktop10.6\ArcToolbox\Toolboxes\Data Management Tools.tbx\CalculateField" Date="20220112" Time="143111">CalculateField F:\820150_pedo\pedo\Pedo_intermediaire_GM\Pedo_21L06101.shp PCT_SOL3_1 [PCT_SOL3] VB #</Process><Process Name="Add Field (8)" ToolSource="c:\program files (x86)\arcgis\desktop10.6\ArcToolbox\Toolboxes\Data Management Tools.tbx\AddField" Date="20220112" Time="143111">AddField F:\820150_pedo\pedo\Pedo_intermediaire_GM\Pedo_21L06101.shp SOL4_1 TEXT # # 10 # NULLABLE NON_REQUIRED #</Process><Process Name="Calculate Field (8)" ToolSource="c:\program files (x86)\arcgis\desktop10.6\ArcToolbox\Toolboxes\Data Management Tools.tbx\CalculateField" Date="20220112" Time="143111">CalculateField F:\820150_pedo\pedo\Pedo_intermediaire_GM\Pedo_21L06101.shp SOL4_1 [SOL4] VB #</Process><Process Name="Add Field (9)" ToolSource="c:\program files (x86)\arcgis\desktop10.6\ArcToolbox\Toolboxes\Data Management Tools.tbx\AddField" Date="20220112" Time="143111">AddField F:\820150_pedo\pedo\Pedo_intermediaire_GM\Pedo_21L06101.shp PCT_SOL4_1 TEXT # # 3 # NULLABLE NON_REQUIRED #</Process><Process Name="Calculate Field (9)" ToolSource="c:\program files (x86)\arcgis\desktop10.6\ArcToolbox\Toolboxes\Data Management Tools.tbx\CalculateField" Date="20220112" Time="143112">CalculateField F:\820150_pedo\pedo\Pedo_intermediaire_GM\Pedo_21L06101.shp PCT_SOL4_1 [PCT_SOL4] VB #</Process><Process Name="Add Field (10)" ToolSource="c:\program files (x86)\arcgis\desktop10.6\ArcToolbox\Toolboxes\Data Management Tools.tbx\AddField" Date="20220112" Time="143112">AddField F:\820150_pedo\pedo\Pedo_intermediaire_GM\Pedo_21L06101.shp NO_ETUDE_1 TEXT # # 30 # NULLABLE NON_REQUIRED #</Process><Process Name="Calculate Field (10)" ToolSource="c:\program files (x86)\arcgis\desktop10.6\ArcToolbox\Toolboxes\Data Management Tools.tbx\CalculateField" Date="20220112" Time="143112">CalculateField F:\820150_pedo\pedo\Pedo_intermediaire_GM\Pedo_21L06101.shp NO_ETUDE_1 [NO_ETUDE] VB #</Process><Process Name="Add Field (11)" ToolSource="c:\program files (x86)\arcgis\desktop10.6\ArcToolbox\Toolboxes\Data Management Tools.tbx\AddField" Date="20220112" Time="143112">AddField F:\820150_pedo\pedo\Pedo_intermediaire_GM\Pedo_21L06101.shp LIEN_1 TEXT # # 50 # NULLABLE NON_REQUIRED #</Process><Process Name="Calculate Field (11)" ToolSource="c:\program files (x86)\arcgis\desktop10.6\ArcToolbox\Toolboxes\Data Management Tools.tbx\CalculateField" Date="20220112" Time="143112">CalculateField F:\820150_pedo\pedo\Pedo_intermediaire_GM\Pedo_21L06101.shp LIEN_1 [LIEN] VB #</Process><Process Name="Add Field (12)" ToolSource="c:\program files (x86)\arcgis\desktop10.6\ArcToolbox\Toolboxes\Data Management Tools.tbx\AddField" Date="20220112" Time="143112">AddField F:\820150_pedo\pedo\Pedo_intermediaire_GM\Pedo_21L06101.shp LIEN1_1 TEXT # # 50 # NULLABLE NON_REQUIRED #</Process><Process Name="Calculate Field (12)" ToolSource="c:\program files (x86)\arcgis\desktop10.6\ArcToolbox\Toolboxes\Data Management Tools.tbx\CalculateField" Date="20220112" Time="143113">CalculateField F:\820150_pedo\pedo\Pedo_intermediaire_GM\Pedo_21L06101.shp LIEN1_1 [LIEN1] VB #</Process><Process Name="Add Field (13)" ToolSource="c:\program files (x86)\arcgis\desktop10.6\ArcToolbox\Toolboxes\Data Management Tools.tbx\AddField" Date="20220112" Time="143113">AddField F:\820150_pedo\pedo\Pedo_intermediaire_GM\Pedo_21L06101.shp LIEND_1 TEXT # # 50 # NULLABLE NON_REQUIRED #</Process><Process Name="Calculate Field (13)" ToolSource="c:\program files (x86)\arcgis\desktop10.6\ArcToolbox\Toolboxes\Data Management Tools.tbx\CalculateField" Date="20220112" Time="143113">CalculateField F:\820150_pedo\pedo\Pedo_intermediaire_GM\Pedo_21L06101.shp LIEND_1 [LIEND] VB #</Process><Process Name="Add Field (14)" ToolSource="c:\program files (x86)\arcgis\desktop10.6\ArcToolbox\Toolboxes\Data Management Tools.tbx\AddField" Date="20220112" Time="143113">AddField F:\820150_pedo\pedo\Pedo_intermediaire_GM\Pedo_21L06101.shp LIENG_1 TEXT # # 50 # NULLABLE NON_REQUIRED #</Process><Process Name="Calculate Field (14)" ToolSource="c:\program files (x86)\arcgis\desktop10.6\ArcToolbox\Toolboxes\Data Management Tools.tbx\CalculateField" Date="20220112" Time="143113">CalculateField F:\820150_pedo\pedo\Pedo_intermediaire_GM\Pedo_21L06101.shp LIENG_1 [LIENG] VB #</Process><Process Name="Add Field (15)" ToolSource="c:\program files (x86)\arcgis\desktop10.6\ArcToolbox\Toolboxes\Data Management Tools.tbx\AddField" Date="20220112" Time="143113">AddField F:\820150_pedo\pedo\Pedo_intermediaire_GM\Pedo_21L06101.shp DATE_MAJ TEXT # # 8 # NULLABLE NON_REQUIRED #</Process><Process Name="Calculate Field (15)" ToolSource="c:\program files (x86)\arcgis\desktop10.6\ArcToolbox\Toolboxes\Data Management Tools.tbx\CalculateField" Date="20220112" Time="143113">CalculateField F:\820150_pedo\pedo\Pedo_intermediaire_GM\Pedo_21L06101.shp DATE_MAJ [DATE_JOUR] VB #</Process><Process Name="Add Field (16)" ToolSource="c:\program files (x86)\arcgis\desktop10.6\ArcToolbox\Toolboxes\Data Management Tools.tbx\AddField" Date="20220112" Time="143114">AddField F:\820150_pedo\pedo\Pedo_intermediaire_GM\Pedo_21L06101.shp TYPE_MAJ_1 TEXT # # 30 # NULLABLE NON_REQUIRED #</Process><Process Name="Calculate Field (16)" ToolSource="c:\program files (x86)\arcgis\desktop10.6\ArcToolbox\Toolboxes\Data Management Tools.tbx\CalculateField" Date="20220112" Time="143114">CalculateField F:\820150_pedo\pedo\Pedo_intermediaire_GM\Pedo_21L06101.shp TYPE_MAJ_1 [TYPE_MAJ] VB #</Process><Process Name="Add Field (17)" ToolSource="c:\program files (x86)\arcgis\desktop10.6\ArcToolbox\Toolboxes\Data Management Tools.tbx\AddField" Date="20220112" Time="143114">AddField F:\820150_pedo\pedo\Pedo_intermediaire_GM\Pedo_21L06101.shp CANSIS1_1 TEXT # # 8 # NULLABLE NON_REQUIRED #</Process><Process Name="Calculate Field (17)" ToolSource="c:\program files (x86)\arcgis\desktop10.6\ArcToolbox\Toolboxes\Data Management Tools.tbx\CalculateField" Date="20220112" Time="143114">CalculateField F:\820150_pedo\pedo\Pedo_intermediaire_GM\Pedo_21L06101.shp CANSIS1_1 [CANSIS1] VB #</Process><Process Name="Add Field (18)" ToolSource="c:\program files (x86)\arcgis\desktop10.6\ArcToolbox\Toolboxes\Data Management Tools.tbx\AddField" Date="20220112" Time="143114">AddField F:\820150_pedo\pedo\Pedo_intermediaire_GM\Pedo_21L06101.shp CANSIS2_1 TEXT # # 8 # NULLABLE NON_REQUIRED #</Process><Process Name="Calculate Field (18)" ToolSource="c:\program files (x86)\arcgis\desktop10.6\ArcToolbox\Toolboxes\Data Management Tools.tbx\CalculateField" Date="20220112" Time="143114">CalculateField F:\820150_pedo\pedo\Pedo_intermediaire_GM\Pedo_21L06101.shp CANSIS2_1 [CANSIS2] VB #</Process><Process Name="Add Field (19)" ToolSource="c:\program files (x86)\arcgis\desktop10.6\ArcToolbox\Toolboxes\Data Management Tools.tbx\AddField" Date="20220112" Time="143115">AddField F:\820150_pedo\pedo\Pedo_intermediaire_GM\Pedo_21L06101.shp CANSIS3_1 TEXT # # 8 # NULLABLE NON_REQUIRED #</Process><Process Name="Calculate Field (19)" ToolSource="c:\program files (x86)\arcgis\desktop10.6\ArcToolbox\Toolboxes\Data Management Tools.tbx\CalculateField" Date="20220112" Time="143115">CalculateField F:\820150_pedo\pedo\Pedo_intermediaire_GM\Pedo_21L06101.shp CANSIS3_1 [CANSIS3] VB #</Process><Process Name="Add Field (20)" ToolSource="c:\program files (x86)\arcgis\desktop10.6\ArcToolbox\Toolboxes\Data Management Tools.tbx\AddField" Date="20220112" Time="143115">AddField F:\820150_pedo\pedo\Pedo_intermediaire_GM\Pedo_21L06101.shp CANSIS4_1 TEXT # # 8 # NULLABLE NON_REQUIRED #</Process><Process Name="Calculate Field (20)" ToolSource="c:\program files (x86)\arcgis\desktop10.6\ArcToolbox\Toolboxes\Data Management Tools.tbx\CalculateField" Date="20220112" Time="143115">CalculateField F:\820150_pedo\pedo\Pedo_intermediaire_GM\Pedo_21L06101.shp CANSIS4_1 [CANSIS4] VB #</Process><Process Name="Add Field (21)" ToolSource="c:\program files (x86)\arcgis\desktop10.6\ArcToolbox\Toolboxes\Data Management Tools.tbx\AddField" Date="20220112" Time="143115">AddField F:\820150_pedo\pedo\Pedo_intermediaire_GM\Pedo_21L06101.shp SUPERF DOUBLE # # # # NULLABLE NON_REQUIRED #</Process><Process Name="Calculate Field (21)" ToolSource="c:\program files (x86)\arcgis\desktop10.6\ArcToolbox\Toolboxes\Data Management Tools.tbx\CalculateField" Date="20220112" Time="143115">CalculateField F:\820150_pedo\pedo\Pedo_intermediaire_GM\Pedo_21L06101.shp SUPERF [SUPERF_ha] VB #</Process><Process Name="Add Field (22)" ToolSource="c:\program files (x86)\arcgis\desktop10.6\ArcToolbox\Toolboxes\Data Management Tools.tbx\AddField" Date="20220112" Time="143115">AddField F:\820150_pedo\pedo\Pedo_intermediaire_GM\Pedo_21L06101.shp DESCR TEXT # # 254 # NULLABLE NON_REQUIRED #</Process><Process Name="Calculate Field (22)" ToolSource="c:\program files (x86)\arcgis\desktop10.6\ArcToolbox\Toolboxes\Data Management Tools.tbx\CalculateField" Date="20220112" Time="143116">CalculateField F:\820150_pedo\pedo\Pedo_intermediaire_GM\Pedo_21L06101.shp DESCR [DESCR_SOL] VB #</Process><Process Name="Add Field (23)" ToolSource="c:\program files (x86)\arcgis\desktop10.6\ArcToolbox\Toolboxes\Data Management Tools.tbx\AddField" Date="20220112" Time="143116">AddField F:\820150_pedo\pedo\Pedo_intermediaire_GM\Pedo_21L06101.shp SYMBOLOGIE TEXT # # 100 # NULLABLE NON_REQUIRED #</Process><Process Name="Calculate Field (23)" ToolSource="c:\program files (x86)\arcgis\desktop10.6\ArcToolbox\Toolboxes\Data Management Tools.tbx\CalculateField" Date="20220112" Time="143116">CalculateField F:\820150_pedo\pedo\Pedo_intermediaire_GM\Pedo_21L06101.shp SYMBOLOGIE [COULEUR] VB #</Process><Process Name="Delete Field" ToolSource="c:\program files (x86)\arcgis\desktop10.6\ArcToolbox\Toolboxes\Data Management Tools.tbx\DeleteField" Date="20220112" Time="143117">DeleteField F:\820150_pedo\pedo\Pedo_intermediaire_GM\Pedo_21L06101.shp APP_CART;SOL1;PCT_SOL1;SOL2;PCT_SOL2;SOL3;PCT_SOL3;SOL4;PCT_SOL4;NO_ETUDE;LIEN;LIEN1;LIEND;LIENG;DATE_JOUR;TYPE_MAJ;CANSIS1;CANSIS2;CANSIS3;CANSIS4;SUPERF_ha;DESCR_SOL;COULEUR</Process><Process Name="Add Field" ToolSource="c:\program files (x86)\arcgis\desktop10.6\ArcToolbox\Toolboxes\Data Management Tools.tbx\AddField" Date="20220117" Time="091245">AddField F:\820150_pedo\pedo\Pedo_intermediaire_GM\Pedo_21L06101.shp APP_CART TEXT # # 50 # NULLABLE NON_REQUIRED #</Process><Process Name="Calculate Field" ToolSource="c:\program files (x86)\arcgis\desktop10.6\ArcToolbox\Toolboxes\Data Management Tools.tbx\CalculateField" Date="20220117" Time="091245">CalculateField F:\820150_pedo\pedo\Pedo_intermediaire_GM\Pedo_21L06101.shp APP_CART [APP_CART_1] VB #</Process><Process Name="Add Field (2)" ToolSource="c:\program files (x86)\arcgis\desktop10.6\ArcToolbox\Toolboxes\Data Management Tools.tbx\AddField" Date="20220117" Time="091245">AddField F:\820150_pedo\pedo\Pedo_intermediaire_GM\Pedo_21L06101.shp SOL1 TEXT # # 10 # NULLABLE NON_REQUIRED #</Process><Process Name="Calculate Field (2)" ToolSource="c:\program files (x86)\arcgis\desktop10.6\ArcToolbox\Toolboxes\Data Management Tools.tbx\CalculateField" Date="20220117" Time="091246">CalculateField F:\820150_pedo\pedo\Pedo_intermediaire_GM\Pedo_21L06101.shp SOL1 [SOL1_1] VB #</Process><Process Name="Add Field (3)" ToolSource="c:\program files (x86)\arcgis\desktop10.6\ArcToolbox\Toolboxes\Data Management Tools.tbx\AddField" Date="20220117" Time="091246">AddField F:\820150_pedo\pedo\Pedo_intermediaire_GM\Pedo_21L06101.shp PCT_SOL1 TEXT # # 3 # NULLABLE NON_REQUIRED #</Process><Process Name="Calculate Field (3)" ToolSource="c:\program files (x86)\arcgis\desktop10.6\ArcToolbox\Toolboxes\Data Management Tools.tbx\CalculateField" Date="20220117" Time="091246">CalculateField F:\820150_pedo\pedo\Pedo_intermediaire_GM\Pedo_21L06101.shp PCT_SOL1 [PCT_SOL1_1] VB #</Process><Process Name="Add Field (4)" ToolSource="c:\program files (x86)\arcgis\desktop10.6\ArcToolbox\Toolboxes\Data Management Tools.tbx\AddField" Date="20220117" Time="091246">AddField F:\820150_pedo\pedo\Pedo_intermediaire_GM\Pedo_21L06101.shp SOL2 TEXT # # 10 # NULLABLE NON_REQUIRED #</Process><Process Name="Calculate Field (4)" ToolSource="c:\program files (x86)\arcgis\desktop10.6\ArcToolbox\Toolboxes\Data Management Tools.tbx\CalculateField" Date="20220117" Time="091246">CalculateField F:\820150_pedo\pedo\Pedo_intermediaire_GM\Pedo_21L06101.shp SOL2 [SOL2_1] VB #</Process><Process Name="Add Field (5)" ToolSource="c:\program files (x86)\arcgis\desktop10.6\ArcToolbox\Toolboxes\Data Management Tools.tbx\AddField" Date="20220117" Time="091246">AddField F:\820150_pedo\pedo\Pedo_intermediaire_GM\Pedo_21L06101.shp PCT_SOL2 TEXT # # 3 # NULLABLE NON_REQUIRED #</Process><Process Name="Calculate Field (5)" ToolSource="c:\program files (x86)\arcgis\desktop10.6\ArcToolbox\Toolboxes\Data Management Tools.tbx\CalculateField" Date="20220117" Time="091246">CalculateField F:\820150_pedo\pedo\Pedo_intermediaire_GM\Pedo_21L06101.shp PCT_SOL2 [PCT_SOL2_1] VB #</Process><Process Name="Add Field (6)" ToolSource="c:\program files (x86)\arcgis\desktop10.6\ArcToolbox\Toolboxes\Data Management Tools.tbx\AddField" Date="20220117" Time="091246">AddField F:\820150_pedo\pedo\Pedo_intermediaire_GM\Pedo_21L06101.shp SOL3 TEXT # # 10 # NULLABLE NON_REQUIRED #</Process><Process Name="Calculate Field (6)" ToolSource="c:\program files (x86)\arcgis\desktop10.6\ArcToolbox\Toolboxes\Data Management Tools.tbx\CalculateField" Date="20220117" Time="091247">CalculateField F:\820150_pedo\pedo\Pedo_intermediaire_GM\Pedo_21L06101.shp SOL3 [SOL3_1] VB #</Process><Process Name="Add Field (7)" ToolSource="c:\program files (x86)\arcgis\desktop10.6\ArcToolbox\Toolboxes\Data Management Tools.tbx\AddField" Date="20220117" Time="091247">AddField F:\820150_pedo\pedo\Pedo_intermediaire_GM\Pedo_21L06101.shp PCT_SOL3 TEXT # # 3 # NULLABLE NON_REQUIRED #</Process><Process Name="Calculate Field (7)" ToolSource="c:\program files (x86)\arcgis\desktop10.6\ArcToolbox\Toolboxes\Data Management Tools.tbx\CalculateField" Date="20220117" Time="091247">CalculateField F:\820150_pedo\pedo\Pedo_intermediaire_GM\Pedo_21L06101.shp PCT_SOL3 [PCT_SOL3_1] VB #</Process><Process Name="Add Field (8)" ToolSource="c:\program files (x86)\arcgis\desktop10.6\ArcToolbox\Toolboxes\Data Management Tools.tbx\AddField" Date="20220117" Time="091247">AddField F:\820150_pedo\pedo\Pedo_intermediaire_GM\Pedo_21L06101.shp SOL4 TEXT # # 10 # NULLABLE NON_REQUIRED #</Process><Process Name="Calculate Field (8)" ToolSource="c:\program files (x86)\arcgis\desktop10.6\ArcToolbox\Toolboxes\Data Management Tools.tbx\CalculateField" Date="20220117" Time="091247">CalculateField F:\820150_pedo\pedo\Pedo_intermediaire_GM\Pedo_21L06101.shp SOL4 [SOL4_1] VB #</Process><Process Name="Add Field (9)" ToolSource="c:\program files (x86)\arcgis\desktop10.6\ArcToolbox\Toolboxes\Data Management Tools.tbx\AddField" Date="20220117" Time="091247">AddField F:\820150_pedo\pedo\Pedo_intermediaire_GM\Pedo_21L06101.shp PCT_SOL4 TEXT # # 3 # NULLABLE NON_REQUIRED #</Process><Process Name="Calculate Field (9)" ToolSource="c:\program files (x86)\arcgis\desktop10.6\ArcToolbox\Toolboxes\Data Management Tools.tbx\CalculateField" Date="20220117" Time="091247">CalculateField F:\820150_pedo\pedo\Pedo_intermediaire_GM\Pedo_21L06101.shp PCT_SOL4 [PCT_SOL4_1] VB #</Process><Process Name="Add Field (10)" ToolSource="c:\program files (x86)\arcgis\desktop10.6\ArcToolbox\Toolboxes\Data Management Tools.tbx\AddField" Date="20220117" Time="091247">AddField F:\820150_pedo\pedo\Pedo_intermediaire_GM\Pedo_21L06101.shp NO_ETUDE TEXT # # 30 # NULLABLE NON_REQUIRED #</Process><Process Name="Calculate Field (10)" ToolSource="c:\program files (x86)\arcgis\desktop10.6\ArcToolbox\Toolboxes\Data Management Tools.tbx\CalculateField" Date="20220117" Time="091247">CalculateField F:\820150_pedo\pedo\Pedo_intermediaire_GM\Pedo_21L06101.shp NO_ETUDE [NO_ETUDE_1] VB #</Process><Process Name="Add Field (11)" ToolSource="c:\program files (x86)\arcgis\desktop10.6\ArcToolbox\Toolboxes\Data Management Tools.tbx\AddField" Date="20220117" Time="091248">AddField F:\820150_pedo\pedo\Pedo_intermediaire_GM\Pedo_21L06101.shp LIEN TEXT # # 50 # NULLABLE NON_REQUIRED #</Process><Process Name="Calculate Field (11)" ToolSource="c:\program files (x86)\arcgis\desktop10.6\ArcToolbox\Toolboxes\Data Management Tools.tbx\CalculateField" Date="20220117" Time="091248">CalculateField F:\820150_pedo\pedo\Pedo_intermediaire_GM\Pedo_21L06101.shp LIEN [LIEN_1] VB #</Process><Process Name="Add Field (12)" ToolSource="c:\program files (x86)\arcgis\desktop10.6\ArcToolbox\Toolboxes\Data Management Tools.tbx\AddField" Date="20220117" Time="091248">AddField F:\820150_pedo\pedo\Pedo_intermediaire_GM\Pedo_21L06101.shp LIEN1 TEXT # # 50 # NULLABLE NON_REQUIRED #</Process><Process Name="Calculate Field (12)" ToolSource="c:\program files (x86)\arcgis\desktop10.6\ArcToolbox\Toolboxes\Data Management Tools.tbx\CalculateField" Date="20220117" Time="091248">CalculateField F:\820150_pedo\pedo\Pedo_intermediaire_GM\Pedo_21L06101.shp LIEN1 [LIEN1_1] VB #</Process><Process Name="Add Field (13)" ToolSource="c:\program files (x86)\arcgis\desktop10.6\ArcToolbox\Toolboxes\Data Management Tools.tbx\AddField" Date="20220117" Time="091248">AddField F:\820150_pedo\pedo\Pedo_intermediaire_GM\Pedo_21L06101.shp LIEND TEXT # # 50 # NULLABLE NON_REQUIRED #</Process><Process Name="Calculate Field (13)" ToolSource="c:\program files (x86)\arcgis\desktop10.6\ArcToolbox\Toolboxes\Data Management Tools.tbx\CalculateField" Date="20220117" Time="091248">CalculateField F:\820150_pedo\pedo\Pedo_intermediaire_GM\Pedo_21L06101.shp LIEND [LIEND_1] VB #</Process><Process Name="Add Field (14)" ToolSource="c:\program files (x86)\arcgis\desktop10.6\ArcToolbox\Toolboxes\Data Management Tools.tbx\AddField" Date="20220117" Time="091248">AddField F:\820150_pedo\pedo\Pedo_intermediaire_GM\Pedo_21L06101.shp LIENG TEXT # # 50 # NULLABLE NON_REQUIRED #</Process><Process Name="Calculate Field (14)" ToolSource="c:\program files (x86)\arcgis\desktop10.6\ArcToolbox\Toolboxes\Data Management Tools.tbx\CalculateField" Date="20220117" Time="091248">CalculateField F:\820150_pedo\pedo\Pedo_intermediaire_GM\Pedo_21L06101.shp LIENG [LIENG_1] VB #</Process><Process Name="Add Field (15)" ToolSource="c:\program files (x86)\arcgis\desktop10.6\ArcToolbox\Toolboxes\Data Management Tools.tbx\AddField" Date="20220117" Time="091248">AddField F:\820150_pedo\pedo\Pedo_intermediaire_GM\Pedo_21L06101.shp DATE_MAJ1 TEXT # # 8 # NULLABLE NON_REQUIRED #</Process><Process Name="Calculate Field (15)" ToolSource="c:\program files (x86)\arcgis\desktop10.6\ArcToolbox\Toolboxes\Data Management Tools.tbx\CalculateField" Date="20220117" Time="091249">CalculateField F:\820150_pedo\pedo\Pedo_intermediaire_GM\Pedo_21L06101.shp DATE_MAJ1 [DATE_MAJ] VB #</Process><Process Name="Delete Field (2)" ToolSource="c:\program files (x86)\arcgis\desktop10.6\ArcToolbox\Toolboxes\Data Management Tools.tbx\DeleteField" Date="20220117" Time="091249">DeleteField F:\820150_pedo\pedo\Pedo_intermediaire_GM\Pedo_21L06101.shp DATE_MAJ</Process><Process Name="Add Field (24)" ToolSource="c:\program files (x86)\arcgis\desktop10.6\ArcToolbox\Toolboxes\Data Management Tools.tbx\AddField" Date="20220117" Time="091249">AddField F:\820150_pedo\pedo\Pedo_intermediaire_GM\Pedo_21L06101.shp DATE_MAJ TEXT # # 8 # NULLABLE NON_REQUIRED #</Process><Process Name="Calculate Field (24)" ToolSource="c:\program files (x86)\arcgis\desktop10.6\ArcToolbox\Toolboxes\Data Management Tools.tbx\CalculateField" Date="20220117" Time="091249">CalculateField F:\820150_pedo\pedo\Pedo_intermediaire_GM\Pedo_21L06101.shp DATE_MAJ [DATE_MAJ1] VB #</Process><Process Name="Add Field (16)" ToolSource="c:\program files (x86)\arcgis\desktop10.6\ArcToolbox\Toolboxes\Data Management Tools.tbx\AddField" Date="20220117" Time="091249">AddField F:\820150_pedo\pedo\Pedo_intermediaire_GM\Pedo_21L06101.shp TYPE_MAJ TEXT # # 30 # NULLABLE NON_REQUIRED #</Process><Process Name="Calculate Field (16)" ToolSource="c:\program files (x86)\arcgis\desktop10.6\ArcToolbox\Toolboxes\Data Management Tools.tbx\CalculateField" Date="20220117" Time="091249">CalculateField F:\820150_pedo\pedo\Pedo_intermediaire_GM\Pedo_21L06101.shp TYPE_MAJ [TYPE_MAJ_1] VB #</Process><Process Name="Add Field (17)" ToolSource="c:\program files (x86)\arcgis\desktop10.6\ArcToolbox\Toolboxes\Data Management Tools.tbx\AddField" Date="20220117" Time="091249">AddField F:\820150_pedo\pedo\Pedo_intermediaire_GM\Pedo_21L06101.shp CANSIS1 TEXT # # 8 # NULLABLE NON_REQUIRED #</Process><Process Name="Calculate Field (17)" ToolSource="c:\program files (x86)\arcgis\desktop10.6\ArcToolbox\Toolboxes\Data Management Tools.tbx\CalculateField" Date="20220117" Time="091249">CalculateField F:\820150_pedo\pedo\Pedo_intermediaire_GM\Pedo_21L06101.shp CANSIS1 [CANSIS1_1] VB #</Process><Process Name="Add Field (18)" ToolSource="c:\program files (x86)\arcgis\desktop10.6\ArcToolbox\Toolboxes\Data Management Tools.tbx\AddField" Date="20220117" Time="091249">AddField F:\820150_pedo\pedo\Pedo_intermediaire_GM\Pedo_21L06101.shp CANSIS2 TEXT # # 8 # NULLABLE NON_REQUIRED #</Process><Process Name="Calculate Field (18)" ToolSource="c:\program files (x86)\arcgis\desktop10.6\ArcToolbox\Toolboxes\Data Management Tools.tbx\CalculateField" Date="20220117" Time="091250">CalculateField F:\820150_pedo\pedo\Pedo_intermediaire_GM\Pedo_21L06101.shp CANSIS2 [CANSIS2_1] VB #</Process><Process Name="Add Field (19)" ToolSource="c:\program files (x86)\arcgis\desktop10.6\ArcToolbox\Toolboxes\Data Management Tools.tbx\AddField" Date="20220117" Time="091250">AddField F:\820150_pedo\pedo\Pedo_intermediaire_GM\Pedo_21L06101.shp CANSIS3 TEXT # # 8 # NULLABLE NON_REQUIRED #</Process><Process Name="Calculate Field (19)" ToolSource="c:\program files (x86)\arcgis\desktop10.6\ArcToolbox\Toolboxes\Data Management Tools.tbx\CalculateField" Date="20220117" Time="091250">CalculateField F:\820150_pedo\pedo\Pedo_intermediaire_GM\Pedo_21L06101.shp CANSIS3 [CANSIS3_1] VB #</Process><Process Name="Add Field (20)" ToolSource="c:\program files (x86)\arcgis\desktop10.6\ArcToolbox\Toolboxes\Data Management Tools.tbx\AddField" Date="20220117" Time="091250">AddField F:\820150_pedo\pedo\Pedo_intermediaire_GM\Pedo_21L06101.shp CANSIS4 TEXT # # 8 # NULLABLE NON_REQUIRED #</Process><Process Name="Calculate Field (20)" ToolSource="c:\program files (x86)\arcgis\desktop10.6\ArcToolbox\Toolboxes\Data Management Tools.tbx\CalculateField" Date="20220117" Time="091250">CalculateField F:\820150_pedo\pedo\Pedo_intermediaire_GM\Pedo_21L06101.shp CANSIS4 [CANSIS4_1] VB #</Process><Process Name="Add Field (21)" ToolSource="c:\program files (x86)\arcgis\desktop10.6\ArcToolbox\Toolboxes\Data Management Tools.tbx\AddField" Date="20220117" Time="091250">AddField F:\820150_pedo\pedo\Pedo_intermediaire_GM\Pedo_21L06101.shp SUPERF_ha DOUBLE # # # # NULLABLE NON_REQUIRED #</Process><Process Name="Calculate Field (21)" ToolSource="c:\program files (x86)\arcgis\desktop10.6\ArcToolbox\Toolboxes\Data Management Tools.tbx\CalculateField" Date="20220117" Time="091250">CalculateField F:\820150_pedo\pedo\Pedo_intermediaire_GM\Pedo_21L06101.shp SUPERF_ha [SUPERF] VB #</Process><Process Name="Add Field (22)" ToolSource="c:\program files (x86)\arcgis\desktop10.6\ArcToolbox\Toolboxes\Data Management Tools.tbx\AddField" Date="20220117" Time="091250">AddField F:\820150_pedo\pedo\Pedo_intermediaire_GM\Pedo_21L06101.shp DESCR_SOL TEXT # # 254 # NULLABLE NON_REQUIRED #</Process><Process Name="Calculate Field (22)" ToolSource="c:\program files (x86)\arcgis\desktop10.6\ArcToolbox\Toolboxes\Data Management Tools.tbx\CalculateField" Date="20220117" Time="091251">CalculateField F:\820150_pedo\pedo\Pedo_intermediaire_GM\Pedo_21L06101.shp DESCR_SOL [DESCR] VB #</Process><Process Name="Add Field (23)" ToolSource="c:\program files (x86)\arcgis\desktop10.6\ArcToolbox\Toolboxes\Data Management Tools.tbx\AddField" Date="20220117" Time="091251">AddField F:\820150_pedo\pedo\Pedo_intermediaire_GM\Pedo_21L06101.shp SYMBOL TEXT # # 100 # NULLABLE NON_REQUIRED #</Process><Process Name="Calculate Field (23)" ToolSource="c:\program files (x86)\arcgis\desktop10.6\ArcToolbox\Toolboxes\Data Management Tools.tbx\CalculateField" Date="20220117" Time="091251">CalculateField F:\820150_pedo\pedo\Pedo_intermediaire_GM\Pedo_21L06101.shp SYMBOL [SYMBOLOGIE] VB #</Process><Process Name="Delete Field" ToolSource="c:\program files (x86)\arcgis\desktop10.6\ArcToolbox\Toolboxes\Data Management Tools.tbx\DeleteField" Date="20220117" Time="091252">DeleteField F:\820150_pedo\pedo\Pedo_intermediaire_GM\Pedo_21L06101.shp APP_CART_1;SOL1_1;PCT_SOL1_1;SOL2_1;PCT_SOL2_1;SOL3_1;PCT_SOL3_1;SOL4_1;PCT_SOL4_1;NO_ETUDE_1;LIEN_1;LIEN1_1;LIEND_1;LIENG_1;TYPE_MAJ_1;CANSIS1_1;CANSIS2_1;CANSIS3_1;CANSIS4_1;SUPERF;DESCR;SYMBOLOGIE;DATE_MAJ1</Process></lineage></DataProperties></Esri></metadata>
